{
  "data": [{
    "brand": {
      "code": "apple",
      "id": 1,
      "name": "Apple"
    },
    "image": {
      "thumbUrl": "http://www.huboffruit.com//image/catalog/Products/fruit5.jpg",
      "url": "https://jadopado-res-5.cloudinary.com/image/upload/c_pad,f_auto,fl_lossy,h_500,w_500/57c8a222ee0e68.04110582.gif"
    },
    "isNew": false,
    "modelNo": null,
    "name": "Apple iTunes Gift Card USD 15",
    "offer": {
      "id": 578403,
      "price": {
        "currency": "AED",
        "value": 69
      },
      "salePrice": {
        "currency": "AED",
        "value": 58
      },
      "sku": "iTunes15",
      "stock": 3
    },
    "review": {
      "count": 0,
      "score": null
    },
    "reviewCount": null,
    "reviewScore": 0,
    "sku": "JP00020000",
    "updatedAt": "2016-11-18T17:33:08",
    "url": "apple-itunes-gift-card-usd-15"
  },
    {
      "brand": {
        "code": "apple",
        "id": 1,
        "name": "Apple"
      },
      "image": {
        "thumbUrl": "http://www.huboffruit.com//image/catalog/Products/fruit5.jpg",
        "url": "https://jadopado-res-1.cloudinary.com/image/upload/c_pad,f_auto,fl_lossy,h_500,w_500/57c8a29561c518.12577873.gif"
      },
      "isNew": false,
      "modelNo": null,
      "name": "Apple iTunes Gift Card USD 25",
      "offer": {
        "id": 577159,
        "price": {
          "currency": "AED",
          "value": 107
        },
        "salePrice": {
          "currency": "AED",
          "value": 97
        },
        "sku": "iTunes25",
        "stock": 16
      },
      "review": {
        "count": 0,
        "score": null
      },
      "reviewCount": null,
      "reviewScore": 0,
      "sku": "JP00020001",
      "updatedAt": "2016-11-18T02:00:04",
      "url": "apple-itunes-gift-card-usd-25"
    },
    {
      "brand": {
        "code": "apple",
        "id": 1,
        "name": "Apple"
      },
      "image": {
        "thumbUrl": "https://jadopado-res-2.cloudinary.com/image/upload/c_pad,f_auto,fl_lossy,h_300,q_80,w_300/57c8a2e58be576.40890753.gif",
        "url": "https://jadopado-res-2.cloudinary.com/image/upload/c_pad,f_auto,fl_lossy,h_500,w_500/57c8a2e58be576.40890753.gif"
      },
      "isNew": false,
      "modelNo": null,
      "name": "Apple iTunes Gift Card USD 50",
      "offer": {
        "id": 55282,
        "price": {
          "currency": "AED",
          "value": 219
        },
        "salePrice": {
          "currency": "AED",
          "value": 189
        },
        "sku": "ACCAPPLEITUNE50",
        "stock": 20
      },
      "review": {
        "count": 0,
        "score": null
      },
      "reviewCount": null,
      "reviewScore": 0,
      "sku": "JP00020002",
      "updatedAt": "2016-11-27T11:41:27",
      "url": "apple-itunes-gift-card-usd-50"
    },
    {
      "brand": {
        "code": "apple",
        "id": 1,
        "name": "Apple"
      },
      "image": {
        "thumbUrl": "https://jadopado-res-1.cloudinary.com/image/upload/c_pad,f_auto,fl_lossy,h_300,q_80,w_300/57c8a3705a2785.98978587.gif",
        "url": "https://jadopado-res-1.cloudinary.com/image/upload/c_pad,f_auto,fl_lossy,h_500,w_500/57c8a3705a2785.98978587.gif"
      },
      "isNew": false,
      "modelNo": null,
      "name": "Apple iTunes Gift Card USD 100",
      "offer": {
        "id": 55281,
        "price": {
          "currency": "AED",
          "value": 399
        },
        "salePrice": {
          "currency": "AED",
          "value": 378
        },
        "sku": "itUNES100",
        "stock": 380
      },
      "review": {
        "count": 0,
        "score": null
      },
      "reviewCount": null,
      "reviewScore": 0,
      "sku": "JP00020003",
      "updatedAt": "2017-05-23T09:08:21",
      "url": "apple-itunes-gift-card-usd-100"
    },
    {
      "brand": {
        "code": "apple",
        "id": 1,
        "name": "Apple"
      },
      "image": {
        "thumbUrl": "https://jadopado-res-2.cloudinary.com/image/upload/c_pad,f_auto,fl_lossy,h_300,q_80,w_300/4e96e81df1b062.59947132.jpg",
        "url": "https://jadopado-res-2.cloudinary.com/image/upload/c_pad,f_auto,fl_lossy,h_500,w_500/4e96e81df1b062.59947132.jpg"
      },
      "isNew": false,
      "modelNo": "MD269LL/A",
      "name": "iPhone 4S 64GB Black",
      "offer": {
        "id": 631906,
        "price": {
          "currency": "AED",
          "value": 699
        },
        "salePrice": {
          "currency": "AED",
          "value": 639
        },
        "sku": "IP4S64B",
        "stock": 30
      },
      "review": {
        "count": 0,
        "score": null
      },
      "reviewCount": null,
      "reviewScore": 0,
      "sku": "JP00000398",
      "updatedAt": "2016-11-14T06:25:16",
      "url": "iphone-4s-64gb-black"
    },
    {
      "brand": {
        "code": "apple",
        "id": 1,
        "name": "Apple"
      },
      "image": {
        "thumbUrl": "https://jadopado-res-1.cloudinary.com/image/upload/c_pad,f_auto,fl_lossy,h_300,q_80,w_300/4ed60d12743716.30385973.png",
        "url": "https://jadopado-res-1.cloudinary.com/image/upload/c_pad,f_auto,fl_lossy,h_500,w_500/4ed60d12743716.30385973.png"
      },
      "isNew": false,
      "modelNo": null,
      "name": "Apple iTunes Gift Card USD 10",
      "offer": {
        "id": 600184,
        "price": {
          "currency": "AED",
          "value": 40
        },
        "salePrice": null,
        "sku": "APPLITUNESGC10USD",
        "stock": 1
      },
      "review": {
        "count": 0,
        "score": null
      },
      "reviewCount": null,
      "reviewScore": 0,
      "sku": "JP00020004",
      "updatedAt": "2016-11-17T09:36:12",
      "url": "apple-itunes-gift-card-usd-10"
    },
    {
      "brand": {
        "code": "sony-ericsson",
        "id": 58,
        "name": "Sony Ericsson"
      },
      "image": {
        "thumbUrl": "https://jadopado-res-4.cloudinary.com/image/upload/c_pad,f_auto,fl_lossy,h_300,q_80,w_300/4ef2da4059be13.55342273.jpg",
        "url": "https://jadopado-res-4.cloudinary.com/image/upload/c_pad,f_auto,fl_lossy,h_500,w_500/4ef2da4059be13.55342273.jpg"
      },
      "isNew": false,
      "modelNo": "LT18i",
      "name": "Sony Ericsson Xperia Arc S Glossy Black",
      "offer": {
        "id": 599236,
        "price": {
          "currency": "AED",
          "value": 499
        },
        "salePrice": {
          "currency": "AED",
          "value": 439
        },
        "sku": "LT18B1",
        "stock": 8
      },
      "review": {
        "count": 187,
        "score": 4.35
      },
      "reviewCount": 187,
      "reviewScore": 4,
      "sku": "JP00000603",
      "updatedAt": "2016-11-13T06:54:00",
      "url": "sony-ericsson-xperia-arc-s-glossy-black"
    },
    {
      "brand": {
        "code": "apple",
        "id": 1,
        "name": "Apple"
      },
      "image": {
        "thumbUrl": "https://jadopado-res-2.cloudinary.com/image/upload/c_pad,f_auto,fl_lossy,h_300,q_80,w_300/4f74532ea01271.16275900.png",
        "url": "https://jadopado-res-2.cloudinary.com/image/upload/c_pad,f_auto,fl_lossy,h_500,w_500/4f74532ea01271.16275900.png"
      },
      "isNew": false,
      "modelNo": "MD199",
      "name": "Apple TV 1080p HD",
      "offer": {
        "id": 255604,
        "price": {
          "currency": "AED",
          "value": 349
        },
        "salePrice": {
          "currency": "AED",
          "value": 299
        },
        "sku": "peachAppleTvMD199",
        "stock": 5
      },
      "review": {
        "count": 2040,
        "score": 4.85
      },
      "reviewCount": 2040,
      "reviewScore": 4,
      "sku": "JP00000949",
      "updatedAt": "2016-11-15T12:39:12",
      "url": "apple-tv-1080p-hd"
    },
    {
      "brand": {
        "code": "apple",
        "id": 1,
        "name": "Apple"
      },
      "image": {
        "thumbUrl": "https://jadopado-res-2.cloudinary.com/image/upload/c_pad,f_auto,fl_lossy,h_300,q_80,w_300/50ae2403af1ff3.09609094.jpg",
        "url": "https://jadopado-res-2.cloudinary.com/image/upload/c_pad,f_auto,fl_lossy,h_500,w_500/50ae2403af1ff3.09609094.jpg"
      },
      "isNew": false,
      "modelNo": "MD826",
      "name": "Apple Lightning Digital AV Adapter",
      "offer": {
        "id": 459036,
        "price": {
          "currency": "AED",
          "value": 149
        },
        "salePrice": null,
        "sku": "MD826",
        "stock": 17
      },
      "review": {
        "count": 52,
        "score": 4.8
      },
      "reviewCount": 52,
      "reviewScore": 4,
      "sku": "JP00002366",
      "updatedAt": "2016-11-18T17:42:12",
      "url": "apple-lightning-digital-av-adapter"
    },
    {
      "brand": {
        "code": "apple",
        "id": 1,
        "name": "Apple"
      },
      "image": {
        "thumbUrl": "https://jadopado-res-1.cloudinary.com/image/upload/c_pad,f_auto,fl_lossy,h_300,q_80,w_300/50bf5176e6f990.09024769.jpg",
        "url": "https://jadopado-res-1.cloudinary.com/image/upload/c_pad,f_auto,fl_lossy,h_500,w_500/50bf5176e6f990.09024769.jpg"
      },
      "isNew": false,
      "modelNo": "MD825",
      "name": "Apple Lightning to VGA Adapter",
      "offer": {
        "id": 270952,
        "price": {
          "currency": "AED",
          "value": 109
        },
        "salePrice": null,
        "sku": "MD825",
        "stock": 1
      },
      "review": {
        "count": 74,
        "score": 4.8
      },
      "reviewCount": 74,
      "reviewScore": 4,
      "sku": "JP00002557",
      "updatedAt": "2016-11-18T17:42:12",
      "url": "apple-lightning-to-vga-adapter"
    },
    {
      "brand": {
        "code": "microsoft",
        "id": 141,
        "name": "Microsoft"
      },
      "image": {
        "thumbUrl": "https://jadopado-res-5.cloudinary.com/image/upload/c_pad,f_auto,fl_lossy,h_300,q_80,w_300/5122205a1d5813.85906742.png",
        "url": "https://jadopado-res-5.cloudinary.com/image/upload/c_pad,f_auto,fl_lossy,h_500,w_500/5122205a1d5813.85906742.png"
      },
      "isNew": false,
      "modelNo": null,
      "name": "Xbox LIVE Gold 3-Month Membership Card",
      "offer": {
        "id": 578235,
        "price": {
          "currency": "AED",
          "value": 90
        },
        "salePrice": {
          "currency": "AED",
          "value": 69
        },
        "sku": "XBOX3M",
        "stock": 9
      },
      "review": {
        "count": 0,
        "score": null
      },
      "reviewCount": null,
      "reviewScore": 0,
      "sku": "JP00003777",
      "updatedAt": "2016-11-15T10:13:35",
      "url": "xbox-live-gold-3-month-membership-card"
    },
    {
      "brand": {
        "code": "laica",
        "id": 353,
        "name": "Laica"
      },
      "image": {
        "thumbUrl": "https://jadopado-res-2.cloudinary.com/image/upload/c_pad,f_auto,fl_lossy,h_300,q_80,w_300/5180d112263475.96498582.png",
        "url": "https://jadopado-res-2.cloudinary.com/image/upload/c_pad,f_auto,fl_lossy,h_500,w_500/5180d112263475.96498582.png"
      },
      "isNew": false,
      "modelNo": "MD6078",
      "name": "Laica Sport 4500 Electrical Muscle Stimulator",
      "offer": {
        "id": 178952,
        "price": {
          "currency": "AED",
          "value": 450
        },
        "salePrice": null,
        "sku": "MD6078",
        "stock": 499
      },
      "review": {
        "count": 0,
        "score": null
      },
      "reviewCount": null,
      "reviewScore": 0,
      "sku": "JP00004432",
      "updatedAt": "2016-11-18T07:44:25",
      "url": "laica-sport-4500-electrical-muscle-stimulator"
    },
    {
      "brand": {
        "code": "apple",
        "id": 1,
        "name": "Apple"
      },
      "image": {
        "thumbUrl": "https://jadopado-res-3.cloudinary.com/image/upload/c_pad,f_auto,fl_lossy,h_300,q_80,w_300/523005fd435312.90823386.png",
        "url": "https://jadopado-res-3.cloudinary.com/image/upload/c_pad,f_auto,fl_lossy,h_500,w_500/523005fd435312.90823386.png"
      },
      "isNew": false,
      "modelNo": "A1530 / A1533 / A1453 / A1457",
      "name": "Apple iPhone 5s 16GB Silver",
      "offer": {
        "id": 97374,
        "price": {
          "currency": "AED",
          "value": 1700
        },
        "salePrice": {
          "currency": "AED",
          "value": 999
        },
        "sku": "IPH5S16SILVER",
        "stock": 5
      },
      "review": {
        "count": 3753,
        "score": 4.6
      },
      "reviewCount": 3753,
      "reviewScore": 4,
      "sku": "JP00005674",
      "updatedAt": "2016-11-18T00:23:58",
      "url": "apple-iphone-5s-16gb-silver"
    },
    {
      "brand": {
        "code": "apple",
        "id": 1,
        "name": "Apple"
      },
      "image": {
        "thumbUrl": "https://jadopado-res-3.cloudinary.com/image/upload/c_pad,f_auto,fl_lossy,h_300,q_80,w_300/523154596db6a7.27143450.jpg",
        "url": "https://jadopado-res-3.cloudinary.com/image/upload/c_pad,f_auto,fl_lossy,h_500,w_500/523154596db6a7.27143450.jpg"
      },
      "isNew": false,
      "modelNo": "A1530 / A1533 / A1453 / A1457",
      "name": "Apple iPhone 5s 32GB Space Grey",
      "offer": {
        "id": 631943,
        "price": {
          "currency": "AED",
          "value": 1125
        },
        "salePrice": {
          "currency": "AED",
          "value": 1099
        },
        "sku": "ddc211",
        "stock": 9
      },
      "review": {
        "count": 3753,
        "score": 4.6
      },
      "reviewCount": 3753,
      "reviewScore": 4,
      "sku": "JP00005716",
      "updatedAt": "2016-11-17T06:57:00",
      "url": "apple-iphone-5s-32gb-space-grey"
    },
    {
      "brand": {
        "code": "samsung",
        "id": 3,
        "name": "Samsung"
      },
      "image": {
        "thumbUrl": "https://jadopado-res-2.cloudinary.com/image/upload/c_pad,f_auto,fl_lossy,h_300,q_80,w_300/5242d02e2dae74.61628983.png",
        "url": "https://jadopado-res-2.cloudinary.com/image/upload/c_pad,f_auto,fl_lossy,h_500,w_500/5242d02e2dae74.61628983.png"
      },
      "isNew": false,
      "modelNo": "N900",
      "name": "Samsung Galaxy Note 3 32GB Classic White",
      "offer": {
        "id": 636643,
        "price": {
          "currency": "AED",
          "value": 1199
        },
        "salePrice": {
          "currency": "AED",
          "value": 699
        },
        "sku": "7867",
        "stock": 49
      },
      "review": {
        "count": 3479,
        "score": 4.65
      },
      "reviewCount": 3479,
      "reviewScore": 4,
      "sku": "JP00005942",
      "updatedAt": "2016-11-18T07:26:02",
      "url": "samsung-galaxy-note-3-32gb-classic-white"
    },
    {
      "brand": {
        "code": "withings",
        "id": 440,
        "name": "Withings"
      },
      "image": {
        "thumbUrl": "https://jadopado-res-3.cloudinary.com/image/upload/c_pad,f_auto,fl_lossy,h_300,q_80,w_300/52b15f276cf2e6.10479937.png",
        "url": "https://jadopado-res-3.cloudinary.com/image/upload/c_pad,f_auto,fl_lossy,h_500,w_500/52b15f276cf2e6.10479937.png"
      },
      "isNew": false,
      "modelNo": "70009501",
      "name": "Withings Wireless Scale WS-30 White",
      "offer": {
        "id": 299757,
        "price": {
          "currency": "AED",
          "value": 599
        },
        "salePrice": {
          "currency": "AED",
          "value": 299
        },
        "sku": "WS-30-White",
        "stock": 2
      },
      "review": {
        "count": 2,
        "score": 4.45
      },
      "reviewCount": 2,
      "reviewScore": 4,
      "sku": "JP00006528",
      "updatedAt": "2016-11-15T07:38:04",
      "url": "withings-wireless-scale-ws-30-white"
    },
    {
      "brand": {
        "code": "samsung",
        "id": 3,
        "name": "Samsung"
      },
      "image": {
        "thumbUrl": "https://jadopado-res-5.cloudinary.com/image/upload/c_pad,f_auto,fl_lossy,h_300,q_80,w_300/5301f287b19139.35318929.png",
        "url": "https://jadopado-res-5.cloudinary.com/image/upload/c_pad,f_auto,fl_lossy,h_500,w_500/5301f287b19139.35318929.png"
      },
      "isNew": false,
      "modelNo": "N900/9000",
      "name": "Samsung Galaxy Note 3 32GB Rose Gold White Arabic and English",
      "offer": {
        "id": 695315,
        "price": {
          "currency": "AED",
          "value": 700
        },
        "salePrice": {
          "currency": "AED",
          "value": 600
        },
        "sku": "676877",
        "stock": 49
      },
      "review": {
        "count": 3415,
        "score": 4.75
      },
      "reviewCount": 3415,
      "reviewScore": 4,
      "sku": "JP00007263",
      "updatedAt": "2016-11-19T07:45:04",
      "url": "samsung-galaxy-note-3-32gb-rose-gold-white-arabic"
    },
    {
      "brand": {
        "code": "apple",
        "id": 1,
        "name": "Apple"
      },
      "image": {
        "thumbUrl": "https://jadopado-res-2.cloudinary.com/image/upload/c_pad,f_auto,fl_lossy,h_300,q_80,w_300/541011a8a12df7.36733805.png",
        "url": "https://jadopado-res-2.cloudinary.com/image/upload/c_pad,f_auto,fl_lossy,h_500,w_500/541011a8a12df7.36733805.png"
      },
      "isNew": false,
      "modelNo": "A1549 / A1586",
      "name": "Apple iPhone 6 64GB Space Grey",
      "offer": {
        "id": 635404,
        "price": {
          "currency": "AED",
          "value": 2030
        },
        "salePrice": {
          "currency": "AED",
          "value": 1799
        },
        "sku": "DDC22211",
        "stock": 8
      },
      "review": {
        "count": 2788,
        "score": 4.85
      },
      "reviewCount": 2788,
      "reviewScore": 4,
      "sku": "JP00007432",
      "updatedAt": "2016-11-18T17:24:11",
      "url": "apple-iphone-6-64gb-space-grey"
    },
    {
      "brand": {
        "code": "laica",
        "id": 353,
        "name": "Laica"
      },
      "image": {
        "thumbUrl": "https://jadopado-res-4.cloudinary.com/image/upload/c_pad,f_auto,fl_lossy,h_300,q_80,w_300/539715328d89d2.77824696.png",
        "url": "https://jadopado-res-4.cloudinary.com/image/upload/c_pad,f_auto,fl_lossy,h_500,w_500/539715328d89d2.77824696.png"
      },
      "isNew": false,
      "modelNo": "VT3112",
      "name": "Laica Vacuum Sealer VT3112",
      "offer": {
        "id": 178807,
        "price": {
          "currency": "AED",
          "value": 450
        },
        "salePrice": null,
        "sku": "VT3112",
        "stock": 24
      },
      "review": {
        "count": 0,
        "score": null
      },
      "reviewCount": null,
      "reviewScore": 0,
      "sku": "JP00007946",
      "updatedAt": "2016-11-13T19:59:37",
      "url": "laica-vacuum-sealer-vt3112"
    },
    {
      "brand": {
        "code": "samsung",
        "id": 3,
        "name": "Samsung"
      },
      "image": {
        "thumbUrl": "https://jadopado-res-3.cloudinary.com/image/upload/c_pad,f_auto,fl_lossy,h_300,q_80,w_300/53575ef2331ae5.22730650.png",
        "url": "https://jadopado-res-3.cloudinary.com/image/upload/c_pad,f_auto,fl_lossy,h_500,w_500/53575ef2331ae5.22730650.png"
      },
      "isNew": false,
      "modelNo": "N9005/90005",
      "name": "Samsung Galaxy Note 3 32GB LTE Rose Gold Black Arabic and English",
      "offer": {
        "id": 376991,
        "price": {
          "currency": "AED",
          "value": 1450
        },
        "salePrice": {
          "currency": "AED",
          "value": 699
        },
        "sku": "23432",
        "stock": 6
      },
      "review": {
        "count": 3479,
        "score": 4.65
      },
      "reviewCount": 3479,
      "reviewScore": 4,
      "sku": "JP00008104",
      "updatedAt": "2016-11-18T00:55:03",
      "url": "samsung-galaxy-note-3-32gb-lte-rose-gold-black-arabic-and-english"
    },
    {
      "brand": {
        "code": "sony",
        "id": 55,
        "name": "Sony"
      },
      "image": {
        "thumbUrl": "https://jadopado-res-4.cloudinary.com/image/upload/c_pad,f_auto,fl_lossy,h_300,q_80,w_300/537c40ddba2ff7.61810507.jpg",
        "url": "https://jadopado-res-4.cloudinary.com/image/upload/c_pad,f_auto,fl_lossy,h_500,w_500/537c40ddba2ff7.61810507.jpg"
      },
      "isNew": false,
      "modelNo": "Pch-2000",
      "name": "Sony PlayStation Vita Wi-Fi Black",
      "offer": {
        "id": 54955,
        "price": {
          "currency": "AED",
          "value": 721
        },
        "salePrice": {
          "currency": "AED",
          "value": 649
        },
        "sku": "PSVITAWIFIBLK",
        "stock": 9
      },
      "review": {
        "count": 1465,
        "score": 4.45
      },
      "reviewCount": 1465,
      "reviewScore": 4,
      "sku": "JP00008157",
      "updatedAt": "2016-11-16T07:52:40",
      "url": "sony-playstation-vita-wi-fi-black"
    },
    {
      "brand": {
        "code": "sony",
        "id": 55,
        "name": "Sony"
      },
      "image": {
        "thumbUrl": "https://jadopado-res-1.cloudinary.com/image/upload/c_pad,f_auto,fl_lossy,h_300,q_80,w_300/53a04048a44a09.54333011.png",
        "url": "https://jadopado-res-1.cloudinary.com/image/upload/c_pad,f_auto,fl_lossy,h_500,w_500/53a04048a44a09.54333011.png"
      },
      "isNew": false,
      "modelNo": "DSC-W800",
      "name": "Sony Cyber-shot DSC-W800 Digital Camera Black",
      "offer": {
        "id": 38826,
        "price": {
          "currency": "AED",
          "value": 349
        },
        "salePrice": null,
        "sku": "SONYW800",
        "stock": 24
      },
      "review": {
        "count": 1044,
        "score": 4.4
      },
      "reviewCount": 1044,
      "reviewScore": 4,
      "sku": "JP00008185",
      "updatedAt": "2016-11-15T08:56:19",
      "url": "sony-cyber-shot-dsc-w800-digital-camera-black"
    },
    {
      "brand": {
        "code": "ubisoft",
        "id": 192,
        "name": "Ubisoft"
      },
      "image": {
        "thumbUrl": "https://jadopado-res-2.cloudinary.com/image/upload/c_pad,f_auto,fl_lossy,h_300,q_80,w_300/538045d5116b44.14203886.jpg",
        "url": "https://jadopado-res-2.cloudinary.com/image/upload/c_pad,f_auto,fl_lossy,h_500,w_500/538045d5116b44.14203886.jpg"
      },
      "isNew": false,
      "modelNo": null,
      "name": "Watch Dogs for PlayStation 4",
      "offer": {
        "id": 73706,
        "price": {
          "currency": "AED",
          "value": 269
        },
        "salePrice": {
          "currency": "AED",
          "value": 119
        },
        "sku": "WDPS412345",
        "stock": 3
      },
      "review": {
        "count": 847,
        "score": 4.3
      },
      "reviewCount": 847,
      "reviewScore": 4,
      "sku": "JP00008234",
      "updatedAt": "2016-11-16T09:45:44",
      "url": "watch-dogs-for-playstation-4"
    },
    {
      "brand": {
        "code": "tp-link",
        "id": 499,
        "name": "TP-Link"
      },
      "image": {
        "thumbUrl": "https://jadopado-res-1.cloudinary.com/image/upload/c_pad,f_auto,fl_lossy,h_300,q_80,w_300/53b39e92162372.52125468.png",
        "url": "https://jadopado-res-1.cloudinary.com/image/upload/c_pad,f_auto,fl_lossy,h_500,w_500/53b39e92162372.52125468.png"
      },
      "isNew": false,
      "modelNo": "TL-WA801ND",
      "name": "TP-Link TL-WA801ND 300Mbps Wireless N Access Point",
      "offer": {
        "id": 349032,
        "price": {
          "currency": "AED",
          "value": 134
        },
        "salePrice": {
          "currency": "AED",
          "value": 95
        },
        "sku": "TL-WA801ND",
        "stock": 18
      },
      "review": {
        "count": 96,
        "score": 4.25
      },
      "reviewCount": 96,
      "reviewScore": 4,
      "sku": "JP00008572",
      "updatedAt": "2016-11-16T08:07:05",
      "url": "tp-link-tl-wa801nd-300mbps-wireless-n-access-point"
    }
  ],
  "pagination": {
    "page": 1,
    "recordsPerPage": 24
  }
}